"타임스탬프","1. KTX 또는 일반 기차를 이용할 때 인터넷(와이파이 또는 모바일 데이터) 연결이 끊긴 경험이 있습니까?","2. 기차에서 인터넷이 끊길 때 주로 어떤 유형의 연결을 사용하고 있었습니까?","3. 기차 이용 중 인터넷이 끊길 때 가장 불편했던 점은 무엇입니까?","4. 기차에서 인터넷 연결이 끊기는 주된 원인은 무엇이라고 생각하십니까?","5. 기차 내 인터넷 문제를 경험한 후 대체로 어떻게 대처하십니까?","6. 기차에서 인터넷이 끊길 겨우, 어느 구간에서 가장 자주 발생한다고 느끼십니까?","7. 기차 내에서 인터넷이 끊기는 문제가 얼마나 불편하다고 느끼십니까",""
"2025/03/26 11:07:39 오전 GMT+9","가끔 발생한다","개인 모바일 데이터(LTE/5G)","동영상 시청 및 스트리밍 불가","터널을 지날 때","그 뒤로는 데이터만 사용한다","터널 구간","별로 불편하지 않다","기지국 배치 개선"
"2025/03/26 11:09:36 오전 GMT+9","매우 자주 발생한다","개인 모바일 데이터(LTE/5G)","웹 서핑 및 거색 제한","터널을 지날 때","기차 내부 와이파이와 모바일 데이터를 번갈아 사용한다","터널 구간","다소 불편하다","개선이 필요하지 않다고 생각함"
"2025/03/26 11:16:50 오전 GMT+9","거의 발생하지 않는다","개인 모바일 데이터(LTE/5G)","웹 서핑 및 검색 제한","터널을 지날 때","재접속을 시도한다","터널 구간","다소 불편하다",""
"2025/03/26 1:19:20 오후 GMT+9","가끔 발생한다","개인 모바일 데이터(LTE/5G)","동영상 시청 및 스트리밍 불가","잘 모르겠다","아무런 조치를 하지 않는다","특정 구간 없이 무작위로 발생","다소 불편하다",""
"2025/03/26 8:48:37 오후 GMT+9","가끔 발생한다","개인 모바일 데이터(LTE/5G)","동영상 시청 및 스트리밍 불가","기차 자체의 와이파이 성능 문제","재접속을 시도한다","특정 구간 없이 무작위로 발생","매우 불편하다",""
"2025/03/26 8:51:05 오후 GMT+9","거의 발생하지 않는다","개인 모바일 데이터(LTE/5G)","메시지 및 SNS 사용 불가","이용자가 많아서 속도가 느려짐","기차 내부 와이파이와 모바일 데이터를 번갈아 사용한다","특정 구간 없이 무작위로 발생","다소 불편하다",""
"2025/03/26 8:58:52 오후 GMT+9","가끔 발생한다","개인 모바일 데이터(LTE/5G)","동영상 시청 및 스트리밍 불가","잘 모르겠다","재접속을 시도한다","잘 모르겠다","다소 불편하다",""
"2025/03/26 9:23:08 오후 GMT+9","매우 자주 발생한다","개인 모바일 데이터(LTE/5G)","동영상 시청 및 스트리밍 불가","터널을 지날 때","재접속을 시도한다","터널 구간","보통이다",""
"2025/03/26 9:24:07 오후 GMT+9","매우 자주 발생한다","기차 내부 와이파이","동영상 시청 및 스트리밍 불가","기차 자체의 와이파이 성능 문제","기차 내부 와이파이와 모바일 데이터를 번갈아 사용한다","터널 구간","매우 불편하다",""
"2025/03/26 9:38:56 오후 GMT+9","가끔 발생한다","개인 모바일 데이터(LTE/5G)","웹 서핑 및 검색 제한","터널을 지날 때","재접속을 시도한다","터널 구간","다소 불편하다",""
"2025/03/26 9:42:18 오후 GMT+9","매우 자주 발생한다","개인 모바일 데이터(LTE/5G)","동영상 시청 및 스트리밍 불가","터널을 지날 때","재접속을 시도한다","터널 구간","매우 불편하다",""
"2025/03/26 9:44:57 오후 GMT+9","거의 발생하지 않는다","개인 모바일 데이터(LTE/5G)","동영상 시청 및 스트리밍 불가","잘 모르겠다","아무런 조치를 하지 않는다","도심을 벗어난 시골 지역","별로 불편하지 않다",""
"2025/03/26 9:49:52 오후 GMT+9","거의 발생하지 않는다","개인 모바일 데이터(LTE/5G)","불편함을 느낀 적 없다","터널을 지날 때","오프라인에서 할 수 있는 일을 한다(저장된 콘텐츠 감상, 독서 등)","터널 구간","다소 불편하다",""
"2025/03/26 9:50:24 오후 GMT+9","가끔 발생한다","개인 모바일 데이터(LTE/5G)","웹 서핑 및 검색 제한","터널을 지날 때","오프라인에서 할 수 있는 일을 한다(저장된 콘텐츠 감상, 독서 등)","터널 구간","별로 불편하지 않다",""
"2025/03/26 9:52:34 오후 GMT+9","거의 발생하지 않는다","개인 모바일 데이터(LTE/5G)","동영상 시청 및 스트리밍 불가","터널을 지날 때","재접속을 시도한다","터널 구간","보통이다",""
"2025/03/26 9:55:06 오후 GMT+9","가끔 발생한다","기차 내부 와이파이","동영상 시청 및 스트리밍 불가","터널을 지날 때","재접속을 시도한다","터널 구간","보통이다",""
"2025/03/26 9:58:35 오후 GMT+9","가끔 발생한다","기차에서 인터넷을 사용하지 않는다","메시지 및 SNS 사용 불가","터널을 지날 때","오프라인에서 할 수 있는 일을 한다(저장된 콘텐츠 감상, 독서 등)","터널 구간","다소 불편하다",""
"2025/03/26 10:00:26 오후 GMT+9","무궁화>>>>>ktx>=새마을/이음","기차 내부 와이파이","웹 서핑 및 검색 제한","기차 자체의 와이파이 성능 문제","3번 4번 두 가지 방법 이용합니다","터널 구간","별로 불편하지 않다",""
"2025/03/26 10:02:41 오후 GMT+9","가끔 발생한다","개인 모바일 데이터(LTE/5G)","동영상 시청 및 스트리밍 불가","터널을 지날 때","오프라인에서 할 수 있는 일을 한다(저장된 콘텐츠 감상, 독서 등)","터널 구간","다소 불편하다",""
"2025/03/26 10:02:55 오후 GMT+9","가끔 발생한다","개인 모바일 데이터(LTE/5G)","동영상 시청 및 스트리밍 불가","잘 모르겠다","재접속을 시도한다","터널 구간","보통이다",""
"2025/03/26 10:03:06 오후 GMT+9","가끔 발생한다","개인 모바일 데이터(LTE/5G)","동영상 시청 및 스트리밍 불가","잘 모르겠다","재접속을 시도한다","잘 모르겠다","보통이다",""
"2025/03/26 10:04:44 오후 GMT+9","가끔 발생한다","기차 내부 와이파이","동영상 시청 및 스트리밍 불가","터널을 지날 때","기차 내부 와이파이와 모바일 데이터를 번갈아 사용한다","터널 구간","다소 불편하다",""
"2025/03/26 10:05:34 오후 GMT+9","매우 자주 발생한다","기차에서 인터넷을 사용하지 않는다","메시지 및 SNS 사용 불가","그냥 아예 연결이 안돼요","오프라인에서 할 수 있는 일을 한다(저장된 콘텐츠 감상, 독서 등)","잘 모르겠다","매우 불편하다",""
"2025/03/26 10:05:55 오후 GMT+9","가끔 발생한다","개인 모바일 데이터(LTE/5G)","불편함을 느낀 적 없다","이용자가 많아서 속도가 느려짐","아무런 조치를 하지 않는다","도심을 벗어난 시골 지역","별로 불편하지 않다",""
"2025/03/26 10:06:56 오후 GMT+9","거의 발생하지 않는다","기차 내부 와이파이","동영상 시청 및 스트리밍 불가","터널을 지날 때","재접속을 시도한다","터널 구간","다소 불편하다",""
"2025/03/26 10:09:30 오후 GMT+9","매우 자주 발생한다","개인 모바일 데이터(LTE/5G)","동영상 시청 및 스트리밍 불가","터널을 지날 때","기차 내부 와이파이와 모바일 데이터를 번갈아 사용한다","터널 구간","매우 불편하다",""
"2025/03/26 10:10:27 오후 GMT+9","가끔 발생한다","개인 모바일 데이터(LTE/5G)","동영상 시청 및 스트리밍 불가","터널을 지날 때","아무런 조치를 하지 않는다","터널 구간","별로 불편하지 않다",""
"2025/03/26 10:13:28 오후 GMT+9","매우 자주 발생한다","기차 내부 와이파이","메시지 및 SNS 사용 불가","잘 모르겠다","기차 내부 와이파이와 모바일 데이터를 번갈아 사용한다","터널 구간","다소 불편하다",""
"2025/03/26 10:15:24 오후 GMT+9","가끔 발생한다","개인 모바일 데이터(LTE/5G)","동영상 시청 및 스트리밍 불가","이용자가 많아서 속도가 느려짐","기차 내부 와이파이와 모바일 데이터를 번갈아 사용한다","터널 구간","보통이다",""
"2025/03/26 10:18:08 오후 GMT+9","가끔 발생한다","기차 내부 와이파이","아무것도 뜨지 않는다.","이용자가 많아서 속도가 느려짐","기차 내부 와이파이와 모바일 데이터를 번갈아 사용한다","잘 모르겠다","다소 불편하다",""
"2025/03/26 10:20:55 오후 GMT+9","매우 자주 발생한다","개인 모바일 데이터(LTE/5G)","웹 서핑 및 검색 제한","기차 자체의 와이파이 성능 문제","재접속을 시도한다","잘 모르겠다","다소 불편하다",""
"2025/03/26 10:22:36 오후 GMT+9","매우 자주 발생한다","기차 내부 와이파이","동영상 시청 및 스트리밍 불가","역에 설치된 와이파이로 사용하다가 기차의 와이파이로 사용되어서.","기차 내부 와이파이와 모바일 데이터를 번갈아 사용한다","역에 정차 중일 때","다소 불편하다",""
"2025/03/26 10:30:49 오후 GMT+9","매우 자주 발생한다","기차 내부 와이파이","동영상 시청 및 스트리밍 불가","기차 자체의 와이파이 성능 문제","기차 내부 와이파이와 모바일 데이터를 번갈아 사용한다","특정 구간 없이 무작위로 발생","다소 불편하다",""
"2025/03/26 10:31:30 오후 GMT+9","전혀 발생하지 않는다","개인 모바일 데이터(LTE/5G)","불편함을 느낀 적 없다","잘 모르겠다","아무런 조치를 하지 않는다","잘 모르겠다","전혀 불편하지 않다",""
"2025/03/26 10:34:25 오후 GMT+9","전혀 발생하지 않는다","개인 모바일 데이터(LTE/5G)","불편함을 느낀 적 없다","잘 모르겠다","아무런 조치를 하지 않는다","잘 모르겠다","별로 불편하지 않다",""
"2025/03/26 10:38:21 오후 GMT+9","매우 자주 발생한다","개인 모바일 데이터(LTE/5G)","동영상 시청 및 스트리밍 불가","터널을 지날 때","아무런 조치를 하지 않는다","터널 구간","다소 불편하다",""
"2025/03/26 10:40:08 오후 GMT+9","매우 자주 발생한다","기차 내부 와이파이","동영상 시청 및 스트리밍 불가","기차 자체의 와이파이 성능 문제","재접속을 시도한다","특정 구간 없이 무작위로 발생","다소 불편하다",""
"2025/03/26 10:42:58 오후 GMT+9","거의 발생하지 않는다","개인 모바일 데이터(LTE/5G)","동영상 시청 및 스트리밍 불가","터널을 지날 때","아무런 조치를 하지 않는다","터널 구간","별로 불편하지 않다",""
"2025/03/26 10:44:20 오후 GMT+9","가끔 발생한다","기차 내부 와이파이","동영상 시청 및 스트리밍 불가","터널을 지날 때","기차 내부 와이파이와 모바일 데이터를 번갈아 사용한다","터널 구간","다소 불편하다",""
"2025/03/26 10:45:16 오후 GMT+9","매우 자주 발생한다","기차 내부 와이파이","동영상 시청 및 스트리밍 불가","기차 자체의 와이파이 성능 문제","재접속을 시도한다","역에 정차 중일 때","매우 불편하다",""
"2025/03/26 10:48:05 오후 GMT+9","가끔 발생한다","개인 모바일 데이터(LTE/5G). 위 질문은 ""인터넷(와이파이 또는 모바일 데이터) 연결이 끊기면"" 인데 왜 바로 아래 질문엔 ""와이파이가 끊기면 와이파이를 사용하셨나요?"" 질문인지요???","웹 서핑 및 검색 제한","터널을 지날 때","재접속을 시도한다","터널 구간","다소 불편하다",""
"2025/03/26 10:49:30 오후 GMT+9","가끔 발생한다","기차 내부 와이파이","동영상 시청 및 스트리밍 불가","기차 자체의 와이파이 성능 문제","기차 내부 와이파이와 모바일 데이터를 번갈아 사용한다","터널 구간","다소 불편하다",""
"2025/03/26 10:51:49 오후 GMT+9","거의 발생하지 않는다","기차 내부 와이파이","웹 서핑 및 검색 제한","이용자가 많아서 속도가 느려짐","기차 내부 와이파이와 모바일 데이터를 번갈아 사용한다","특정 구간 없이 무작위로 발생","다소 불편하다",""
"2025/03/26 10:52:10 오후 GMT+9","가끔 발생한다","개인 모바일 데이터(LTE/5G)","불편함을 느낀 적 없다","터널을 지날 때","재접속을 시도한다","터널 구간","보통이다",""
"2025/03/26 10:56:52 오후 GMT+9","가끔 발생한다","개인 모바일 데이터(LTE/5G)","동영상 시청 및 스트리밍 불가","터널을 지날 때","재접속을 시도한다","터널 구간","매우 불편하다",""
"2025/03/26 10:57:45 오후 GMT+9","거의 발생하지 않는다","개인 모바일 데이터(LTE/5G)","웹 서핑 및 검색 제한","잘 모르겠다","재접속을 시도한다","잘 모르겠다","다소 불편하다",""
"2025/03/26 11:07:40 오후 GMT+9","매우 자주 발생한다","개인 모바일 데이터(LTE/5G)","업무(이메일, 화상회의 등) 불가능","잘 모르겠다","오프라인에서 할 수 있는 일을 한다(저장된 콘텐츠 감상, 독서 등)","특정 구간 없이 무작위로 발생","매우 불편하다",""
"2025/03/26 11:08:43 오후 GMT+9","매우 자주 발생한다","기차 내부 와이파이","동영상 시청 및 스트리밍 불가","기차 자체의 와이파이 성능 문제","기차 내부 와이파이와 모바일 데이터를 번갈아 사용한다","특정 구간 없이 무작위로 발생","매우 불편하다",""
"2025/03/26 11:42:39 오후 GMT+9","가끔 발생한다","개인 모바일 데이터(LTE/5G)","웹 서핑 및 검색 제한","잘 모르겠다","오프라인에서 할 수 있는 일을 한다(저장된 콘텐츠 감상, 독서 등)","특정 구간 없이 무작위로 발생","다소 불편하다",""
"2025/03/27 4:41:21 오전 GMT+9","거의 발생하지 않는다","개인 모바일 데이터(LTE/5G)","웹 서핑 및 검색 제한","잘 모르겠다","재접속을 시도한다","잘 모르겠다","별로 불편하지 않다",""
"2025/03/27 9:53:31 오전 GMT+9","거의 발생하지 않는다","개인 모바일 데이터(LTE/5G)","웹 서핑 및 검색 제한","터널을 지날 때","아무런 조치를 하지 않는다","터널 구간","보통이다",""
"2025/03/27 10:29:18 오전 GMT+9","매우 자주 발생한다","기차 내부 와이파이","동영상 시청 및 스트리밍 불가","이용자가 많아서 속도가 느려짐","재접속을 시도한다","터널 구간","매우 불편하다",""
"2025/03/27 12:04:59 오후 GMT+9","매우 자주 발생한다","기차 내부 와이파이","동영상 시청 및 스트리밍 불가","터널을 지날 때","기차 내부 와이파이와 모바일 데이터를 번갈아 사용한다","터널 구간","다소 불편하다",""
"2025/03/28 10:20:06 오전 GMT+9","매우 자주 발생한다","기차 내부 와이파이","동영상 시청 및 스트리밍 불가","터널을 지날 때","기차 내부 와이파이와 모바일 데이터를 번갈아 사용한다","터널 구간","다소 불편하다",""
"2025/03/28 10:35:09 오전 GMT+9","거의 발생하지 않는다","기차 내부 와이파이","동영상 시청 및 스트리밍 불가","이용자가 많아서 속도가 느려짐","기차 내부 와이파이와 모바일 데이터를 번갈아 사용한다","잘 모르겠다","보통이다",""
"2025/03/28 11:11:24 오전 GMT+9","전혀 발생하지 않는다","끊긴 적이 없음","불편함을 느낀 적 없다","잘 모르겠다","끊긴 적이 없음","잘 모르겠다","전혀 불편하지 않다",""
"2025/03/28 12:03:38 오후 GMT+9","매우 자주 발생한다","개인 모바일 데이터(LTE/5G)","동영상 시청 및 스트리밍 불가","기차 자체의 와이파이 성능 문제","오프라인에서 할 수 있는 일을 한다(저장된 콘텐츠 감상, 독서 등)","특정 구간 없이 무작위로 발생","매우 불편하다",""